Intercept,Astronomy,Herbology,Charms,Ancient Runes
-3.844822474707766,2.4981632452154243,-1.8377859019321896,-0.682300342878085,3.1377994477527253
