Intercept,Astronomy,Herbology,Charms,Ancient Runes
-2.1323903543309184,2.8940106208881264,2.3798635392608007,0.1321766531242992,-2.936968229561881
