Intercept,Astronomy,Herbology,Charms,Ancient Runes
-2.7827967291465896,-1.4570619592563352,0.8320831935781883,1.9067961284695807,1.655482757900297
