Intercept,Astronomy,Herbology,Charms,Ancient Runes
-3.8803359313340104,-3.6440498779737585,-1.2685851096372645,-1.3596832757306896,-2.375310585158769
